label,text
ham,Nhớ học nhóm nhé
ham,Bạn học nhóm chiều nay không?
spam,Click vào đây ngay để nhận thẻ cào miễn phí
ham,"Hey, nộp bài tập chiều nay"
ham,Hôm nay đi học sáng mai
spam,Nhanh tay để nhận voucher 100k miễn phí
ham,Đừng quên nộp bài tập sáng mai
ham,Bạn đi học cuối tuần không?
ham,Đừng quên nộp bài tập cuối tuần
spam,"Khuyến mãi ưu đãi đặc biệt, Đăng ký ngay"
ham,"Xin chào, học nhóm chiều nay"
ham,Hôm nay học nhóm cuối tuần
ham,Bạn nộp bài tập cuối tuần không?
ham,Hôm nay đi học lúc 8h
ham,Đừng quên nộp bài tập sáng mai
ham,"Hello, họp online cuối tuần"
ham,Hôm nay nộp bài tập sáng mai
ham,Nhớ nộp bài tập nhé
ham,Bạn đi học cuối tuần không?
ham,Bạn nộp bài tập chiều nay không?
ham,Bạn đi ăn trưa cuối tuần không?
ham,Bạn đi ăn trưa chiều nay không?
spam,Mua ngay để nhận thẻ cào miễn phí miễn phí
ham,Hôm nay học nhóm lúc 8h
ham,Đừng quên nộp bài tập cuối tuần
ham,"Hello, đi học cuối tuần"
ham,Nhớ họp online nhé
ham,Đừng quên học nhóm chiều nay
spam,"Bạn đã trúng thẻ cào miễn phí, Nhấn vào link ngay"
ham,Đừng quên đi ăn trưa hôm nay
spam,"Cơ hội Nhanh tay voucher 100k, đừng bỏ lỡ"
ham,Hôm nay đi học chiều nay
ham,Nhớ nộp bài tập nhé
ham,Nhớ học nhóm nhé
ham,Bạn họp online hôm nay không?
ham,Hôm nay học nhóm sáng mai
ham,Đừng quên học nhóm lúc 8h
spam,"Bạn đã trúng ưu đãi 50%, Click vào đây ngay"
ham,"Chào bạn, họp online sáng mai"
ham,"Hello, nộp bài tập hôm nay"
spam,"Bạn đã trúng ưu đãi 50%, Nhanh tay ngay"
ham,Nhớ đi ăn trưa nhé
spam,"Bạn đã trúng voucher 100k, Nhanh tay ngay"
ham,Đừng quên đi học lúc 8h
ham,Đừng quên họp online cuối tuần
spam,"Cơ hội Mua ngay ưu đãi 50%, đừng bỏ lỡ"
ham,"Hey, nộp bài tập chiều nay"
ham,Đừng quên đi học chiều nay
ham,"Chào bạn, đi học lúc 8h"
ham,Đừng quên đi ăn trưa lúc 8h
spam,Nhấn vào link để nhận voucher 100k miễn phí
ham,Nhớ đi ăn trưa nhé
spam,Mua ngay ngay để nhận thẻ cào miễn phí
ham,Bạn đi học cuối tuần không?
ham,"Chào bạn, đi ăn trưa cuối tuần"
spam,Mua ngay ngay để nhận iPhone 15
ham,Nhớ đi ăn trưa nhé
ham,Đừng quên đi ăn trưa hôm nay
ham,Nhớ đi ăn trưa nhé
ham,"Chào bạn, họp online sáng mai"
ham,"Hey, họp online lúc 8h"
ham,Nhớ nộp bài tập nhé
ham,Bạn họp online lúc 8h không?
spam,"Bạn đã trúng ưu đãi 50%, Click vào đây ngay"
ham,Đừng quên họp online lúc 8h
spam,"Khuyến mãi giảm giá sốc, Đăng ký ngay"
ham,Nhớ họp online nhé
ham,Bạn nộp bài tập chiều nay không?
ham,"Chào bạn, nộp bài tập lúc 8h"
ham,Bạn học nhóm chiều nay không?
spam,"Khuyến mãi 50%, Đăng ký ngay"
ham,Đừng quên nộp bài tập cuối tuần
ham,Đừng quên học nhóm lúc 8h
ham,Bạn đi ăn trưa sáng mai không?
ham,Đừng quên học nhóm sáng mai
ham,Bạn nộp bài tập hôm nay không?
ham,Đừng quên họp online lúc 8h
spam,Click vào đây ngay để nhận thẻ cào miễn phí
spam,"Khuyến mãi ưu đãi đặc biệt, Nhấn vào link ngay"
spam,Đăng ký ngay để nhận phần mềm bản quyền
ham,Nhớ học nhóm nhé
ham,Bạn họp online hôm nay không?
spam,Đăng ký ngay để nhận thẻ cào miễn phí
ham,Hôm nay đi ăn trưa lúc 8h
ham,Nhớ đi học nhé
ham,"Hello, đi học hôm nay"
spam,"Cơ hội Nhanh tay thẻ cào miễn phí, đừng bỏ lỡ"
spam,Nhanh tay để nhận ưu đãi 50% miễn phí
ham,Nhớ nộp bài tập nhé
ham,"Hi, họp online chiều nay"
ham,Nhớ đi ăn trưa nhé
ham,"Chào bạn, đi ăn trưa sáng mai"
spam,"Bạn đã trúng phần mềm bản quyền, Mua ngay ngay"
ham,Nhớ đi học nhé
ham,Hôm nay nộp bài tập cuối tuần
ham,Nhớ học nhóm nhé
spam,Nhanh tay ngay để nhận phần mềm bản quyền
ham,"Hello, đi ăn trưa sáng mai"
spam,"Khuyến mãi 50%, Đăng ký ngay"
spam,"Cơ hội Đăng ký voucher 100k, đừng bỏ lỡ"
ham,Đừng quên đi ăn trưa cuối tuần
ham,Nhớ đi ăn trưa nhé
ham,Đừng quên học nhóm sáng mai
ham,Bạn họp online lúc 8h không?
spam,"Khuyến mãi giảm giá sốc, Mua ngay ngay"
ham,Nhớ học nhóm nhé
ham,Đừng quên đi học hôm nay
spam,Nhấn vào link để nhận phần mềm bản quyền miễn phí
ham,Đừng quên đi ăn trưa lúc 8h
ham,"Chào bạn, nộp bài tập cuối tuần"
ham,"Hi, đi học lúc 8h"
spam,"Bạn đã trúng voucher 100k, Nhanh tay ngay"
spam,"Bạn đã trúng thẻ cào miễn phí, Click vào đây ngay"
ham,Nhớ đi học nhé
ham,Đừng quên họp online chiều nay
spam,"Cơ hội Nhanh tay thẻ cào miễn phí, đừng bỏ lỡ"
ham,"Xin chào, đi học lúc 8h"
ham,Bạn đi học cuối tuần không?
ham,"Hi, nộp bài tập sáng mai"
ham,Hôm nay đi ăn trưa hôm nay
ham,Bạn đi học lúc 8h không?
ham,Hôm nay đi ăn trưa cuối tuần
ham,Nhớ nộp bài tập nhé
spam,"Bạn đã trúng phần mềm bản quyền, Đăng ký ngay"
spam,"Bạn đã trúng ưu đãi 50%, Mua ngay ngay"
ham,Hôm nay học nhóm chiều nay
ham,Hôm nay đi ăn trưa hôm nay
ham,Đừng quên nộp bài tập cuối tuần
spam,"Cơ hội Mua ngay voucher 100k, đừng bỏ lỡ"
ham,Nhớ học nhóm nhé
ham,Đừng quên đi học chiều nay
ham,"Hey, nộp bài tập cuối tuần"
ham,Đừng quên đi ăn trưa chiều nay
ham,Nhớ nộp bài tập nhé
ham,Nhớ học nhóm nhé
spam,Nhanh tay để nhận ưu đãi 50% miễn phí
ham,"Hello, đi ăn trưa cuối tuần"
spam,Mua ngay ngay để nhận iPhone 15
ham,Nhớ đi ăn trưa nhé
ham,Đừng quên nộp bài tập sáng mai
spam,"Bạn đã trúng thẻ cào miễn phí, Nhấn vào link ngay"
ham,Đừng quên nộp bài tập hôm nay
spam,"Cơ hội Nhấn vào link thẻ cào miễn phí, đừng bỏ lỡ"
ham,Đừng quên nộp bài tập lúc 8h
ham,Hôm nay đi học chiều nay
spam,Đăng ký ngay để nhận voucher 100k
ham,Đừng quên đi ăn trưa chiều nay
ham,Nhớ đi ăn trưa nhé
spam,Nhấn vào link ngay để nhận ưu đãi 50%
ham,"Hi, đi học lúc 8h"
ham,Đừng quên họp online cuối tuần
ham,Đừng quên học nhóm cuối tuần
spam,"Cơ hội Nhanh tay thẻ cào miễn phí, đừng bỏ lỡ"
ham,Bạn nộp bài tập chiều nay không?
ham,Nhớ đi học nhé
ham,Bạn nộp bài tập sáng mai không?
ham,Đừng quên đi học chiều nay
ham,Nhớ nộp bài tập nhé
ham,Bạn học nhóm chiều nay không?
ham,"Hi, đi ăn trưa hôm nay"
spam,Đăng ký để nhận iPhone 15 miễn phí
ham,Hôm nay nộp bài tập cuối tuần
spam,Click vào đây ngay để nhận ưu đãi 50%
ham,Hôm nay đi học hôm nay
spam,"Bạn đã trúng ưu đãi 50%, Mua ngay ngay"
ham,"Xin chào, nộp bài tập cuối tuần"
ham,Bạn đi ăn trưa sáng mai không?
spam,"Bạn đã trúng thẻ cào miễn phí, Nhanh tay ngay"
spam,"Khuyến mãi giảm giá sốc, Nhanh tay ngay"
ham,"Hey, họp online sáng mai"
ham,Hôm nay đi ăn trưa lúc 8h
spam,"Khuyến mãi 70%, Click vào đây ngay"
spam,"Bạn đã trúng ưu đãi 50%, Nhấn vào link ngay"
ham,"Xin chào, nộp bài tập chiều nay"
spam,"Bạn đã trúng ưu đãi 50%, Nhanh tay ngay"
ham,Đừng quên nộp bài tập lúc 8h
ham,Đừng quên họp online sáng mai
spam,"Khuyến mãi 30%, Đăng ký ngay"
ham,Đừng quên đi ăn trưa chiều nay
spam,Mua ngay để nhận phần mềm bản quyền miễn phí
ham,"Chào bạn, học nhóm chiều nay"
ham,Hôm nay đi học chiều nay
ham,Đừng quên đi ăn trưa cuối tuần
ham,"Chào bạn, học nhóm cuối tuần"
ham,"Xin chào, đi học sáng mai"
ham,Bạn đi học hôm nay không?
spam,"Cơ hội Mua ngay iPhone 15, đừng bỏ lỡ"
ham,Nhớ đi ăn trưa nhé
ham,"Chào bạn, nộp bài tập cuối tuần"
spam,"Khuyến mãi giảm giá sốc, Nhanh tay ngay"
ham,Hôm nay đi ăn trưa lúc 8h
ham,Nhớ đi ăn trưa nhé
ham,Hôm nay nộp bài tập sáng mai
ham,Hôm nay đi ăn trưa hôm nay
ham,Nhớ đi ăn trưa nhé
spam,Nhấn vào link ngay để nhận thẻ cào miễn phí
spam,Nhấn vào link để nhận thẻ cào miễn phí miễn phí
ham,Đừng quên đi ăn trưa cuối tuần
ham,"Hi, đi học chiều nay"
ham,Đừng quên đi học chiều nay
ham,Đừng quên học nhóm sáng mai
ham,Hôm nay nộp bài tập hôm nay
spam,"Cơ hội Nhanh tay thẻ cào miễn phí, đừng bỏ lỡ"
ham,"Xin chào, đi ăn trưa cuối tuần"
spam,"Cơ hội Nhanh tay iPhone 15, đừng bỏ lỡ"
ham,Hôm nay đi ăn trưa hôm nay
spam,"Cơ hội Nhanh tay iPhone 15, đừng bỏ lỡ"
ham,Bạn nộp bài tập hôm nay không?
ham,Đừng quên đi ăn trưa cuối tuần
ham,Đừng quên nộp bài tập sáng mai
ham,"Hey, nộp bài tập sáng mai"
ham,Hôm nay nộp bài tập hôm nay
spam,"Bạn đã trúng iPhone 15, Nhấn vào link ngay"
spam,"Bạn đã trúng iPhone 15, Nhanh tay ngay"
ham,"Chào bạn, học nhóm chiều nay"
ham,Hôm nay nộp bài tập hôm nay
spam,"Khuyến mãi 70%, Đăng ký ngay"
spam,Mua ngay để nhận thẻ cào miễn phí miễn phí
ham,Hôm nay họp online lúc 8h
ham,Nhớ họp online nhé
ham,Bạn học nhóm chiều nay không?
spam,"Cơ hội Click vào đây ưu đãi 50%, đừng bỏ lỡ"
spam,Mua ngay để nhận ưu đãi 50% miễn phí
spam,"Cơ hội Nhấn vào link phần mềm bản quyền, đừng bỏ lỡ"
spam,Nhấn vào link ngay để nhận thẻ cào miễn phí
ham,"Xin chào, họp online sáng mai"
ham,Hôm nay nộp bài tập hôm nay
spam,Nhanh tay ngay để nhận ưu đãi 50%
ham,Đừng quên đi ăn trưa chiều nay
ham,Đừng quên nộp bài tập hôm nay
ham,Hôm nay đi học lúc 8h
spam,"Cơ hội Click vào đây phần mềm bản quyền, đừng bỏ lỡ"
spam,"Khuyến mãi giảm giá sốc, Nhấn vào link ngay"
ham,Nhớ học nhóm nhé
ham,Nhớ đi học nhé
ham,Đừng quên học nhóm hôm nay
ham,Nhớ học nhóm nhé
ham,"Hey, đi học cuối tuần"
spam,"Khuyến mãi 70%, Nhanh tay ngay"
ham,"Chào bạn, đi học chiều nay"
ham,Nhớ đi ăn trưa nhé
ham,Hôm nay nộp bài tập hôm nay
ham,Bạn họp online cuối tuần không?
spam,Click vào đây ngay để nhận thẻ cào miễn phí
ham,Nhớ đi ăn trưa nhé
ham,Hôm nay nộp bài tập cuối tuần
ham,Nhớ học nhóm nhé
spam,"Khuyến mãi ưu đãi đặc biệt, Nhanh tay ngay"
ham,Nhớ đi học nhé
ham,Bạn học nhóm cuối tuần không?
ham,"Xin chào, họp online chiều nay"
ham,"Xin chào, học nhóm chiều nay"
spam,Click vào đây ngay để nhận iPhone 15
ham,Bạn họp online sáng mai không?
spam,Nhấn vào link ngay để nhận voucher 100k
ham,Đừng quên học nhóm hôm nay
ham,Bạn nộp bài tập lúc 8h không?
ham,Nhớ nộp bài tập nhé
spam,Nhấn vào link để nhận ưu đãi 50% miễn phí
spam,"Cơ hội Click vào đây voucher 100k, đừng bỏ lỡ"
spam,"Cơ hội Click vào đây phần mềm bản quyền, đừng bỏ lỡ"
ham,Hôm nay họp online sáng mai
ham,Bạn nộp bài tập chiều nay không?
spam,"Cơ hội Mua ngay thẻ cào miễn phí, đừng bỏ lỡ"
ham,"Hello, đi ăn trưa chiều nay"
ham,Đừng quên học nhóm sáng mai
spam,"Khuyến mãi 50%, Nhanh tay ngay"
ham,Nhớ đi học nhé
spam,"Khuyến mãi 50%, Nhấn vào link ngay"
ham,Đừng quên họp online sáng mai
ham,Đừng quên đi học chiều nay
ham,"Hey, họp online lúc 8h"
ham,Bạn nộp bài tập cuối tuần không?
ham,Hôm nay đi học hôm nay
ham,"Hello, nộp bài tập lúc 8h"
spam,"Khuyến mãi 50%, Nhấn vào link ngay"
spam,"Cơ hội Click vào đây ưu đãi 50%, đừng bỏ lỡ"
ham,Nhớ đi học nhé
spam,"Bạn đã trúng phần mềm bản quyền, Mua ngay ngay"
ham,Hôm nay học nhóm sáng mai
spam,"Bạn đã trúng thẻ cào miễn phí, Đăng ký ngay"
spam,Click vào đây ngay để nhận voucher 100k
ham,"Hey, học nhóm sáng mai"
ham,Bạn đi học chiều nay không?
ham,"Chào bạn, đi học sáng mai"
spam,Click vào đây ngay để nhận phần mềm bản quyền
spam,"Cơ hội Nhấn vào link iPhone 15, đừng bỏ lỡ"
ham,Đừng quên đi ăn trưa lúc 8h
spam,Đăng ký để nhận thẻ cào miễn phí miễn phí
ham,Nhớ đi học nhé
ham,Nhớ họp online nhé
spam,Nhấn vào link để nhận phần mềm bản quyền miễn phí
ham,Nhớ học nhóm nhé
ham,Nhớ đi học nhé
spam,"Bạn đã trúng voucher 100k, Click vào đây ngay"
ham,"Chào bạn, đi ăn trưa sáng mai"
spam,"Bạn đã trúng thẻ cào miễn phí, Đăng ký ngay"
ham,Bạn đi học hôm nay không?
spam,"Bạn đã trúng ưu đãi 50%, Đăng ký ngay"
ham,Bạn nộp bài tập hôm nay không?
ham,Hôm nay đi ăn trưa hôm nay
ham,"Hey, đi học cuối tuần"
spam,Đăng ký ngay để nhận voucher 100k
ham,Hôm nay đi ăn trưa sáng mai
spam,"Bạn đã trúng iPhone 15, Mua ngay ngay"
spam,Nhấn vào link ngay để nhận iPhone 15
spam,"Cơ hội Mua ngay phần mềm bản quyền, đừng bỏ lỡ"
spam,Click vào đây để nhận iPhone 15 miễn phí
ham,Hôm nay họp online chiều nay
ham,Nhớ đi học nhé
ham,Đừng quên họp online cuối tuần
ham,Nhớ họp online nhé
ham,Hôm nay đi ăn trưa cuối tuần
ham,Đừng quên học nhóm chiều nay
ham,Nhớ họp online nhé
ham,Đừng quên đi ăn trưa sáng mai
ham,Đừng quên họp online lúc 8h
ham,Đừng quên họp online cuối tuần
ham,Hôm nay học nhóm cuối tuần
ham,Nhớ học nhóm nhé
ham,"Xin chào, họp online chiều nay"
ham,"Xin chào, đi ăn trưa cuối tuần"
ham,Bạn họp online lúc 8h không?
ham,Đừng quên họp online chiều nay
ham,Bạn đi học hôm nay không?
ham,Hôm nay nộp bài tập chiều nay
ham,"Chào bạn, học nhóm hôm nay"
ham,Hôm nay đi ăn trưa sáng mai
ham,Hôm nay nộp bài tập lúc 8h
ham,"Xin chào, học nhóm hôm nay"
spam,"Cơ hội Mua ngay voucher 100k, đừng bỏ lỡ"
ham,Hôm nay đi ăn trưa chiều nay
ham,Hôm nay họp online hôm nay
spam,"Cơ hội Nhanh tay voucher 100k, đừng bỏ lỡ"
ham,"Hey, nộp bài tập hôm nay"
ham,Hôm nay đi ăn trưa chiều nay
spam,"Khuyến mãi ưu đãi đặc biệt, Mua ngay ngay"
ham,Đừng quên đi học sáng mai
spam,"Khuyến mãi giảm giá sốc, Click vào đây ngay"
ham,Hôm nay họp online hôm nay
ham,Nhớ họp online nhé
ham,Đừng quên nộp bài tập sáng mai
spam,Mua ngay để nhận thẻ cào miễn phí miễn phí
ham,Bạn đi ăn trưa lúc 8h không?
ham,Hôm nay đi ăn trưa hôm nay
spam,Mua ngay ngay để nhận ưu đãi 50%
ham,Hôm nay đi học hôm nay
ham,"Xin chào, nộp bài tập lúc 8h"
ham,Đừng quên nộp bài tập hôm nay
ham,Nhớ nộp bài tập nhé
spam,"Bạn đã trúng voucher 100k, Đăng ký ngay"
ham,"Hi, đi học cuối tuần"
ham,Đừng quên họp online chiều nay
ham,Nhớ đi ăn trưa nhé
spam,Click vào đây để nhận phần mềm bản quyền miễn phí
spam,"Bạn đã trúng ưu đãi 50%, Đăng ký ngay"
spam,"Cơ hội Đăng ký phần mềm bản quyền, đừng bỏ lỡ"
ham,Nhớ đi ăn trưa nhé
ham,Đừng quên đi học lúc 8h
ham,Nhớ nộp bài tập nhé
ham,Đừng quên họp online chiều nay
spam,"Cơ hội Đăng ký iPhone 15, đừng bỏ lỡ"
ham,Đừng quên nộp bài tập cuối tuần
ham,Bạn đi ăn trưa chiều nay không?
ham,Hôm nay nộp bài tập sáng mai
spam,"Cơ hội Đăng ký ưu đãi 50%, đừng bỏ lỡ"
spam,"Cơ hội Click vào đây voucher 100k, đừng bỏ lỡ"
ham,"Chào bạn, đi học lúc 8h"
spam,"Khuyến mãi 50%, Mua ngay ngay"
spam,Click vào đây để nhận phần mềm bản quyền miễn phí
spam,Mua ngay ngay để nhận ưu đãi 50%
ham,Hôm nay nộp bài tập cuối tuần
ham,Hôm nay nộp bài tập chiều nay
spam,"Cơ hội Click vào đây ưu đãi 50%, đừng bỏ lỡ"
spam,Nhanh tay để nhận thẻ cào miễn phí miễn phí
spam,"Khuyến mãi 70%, Click vào đây ngay"
spam,"Khuyến mãi 70%, Đăng ký ngay"
ham,Đừng quên họp online lúc 8h
ham,Nhớ nộp bài tập nhé
ham,Đừng quên đi học cuối tuần
spam,Nhấn vào link ngay để nhận voucher 100k
ham,Đừng quên đi ăn trưa cuối tuần
ham,Bạn học nhóm cuối tuần không?
ham,Hôm nay đi ăn trưa hôm nay
ham,Đừng quên học nhóm cuối tuần
spam,Click vào đây ngay để nhận phần mềm bản quyền
ham,"Chào bạn, đi học hôm nay"
ham,Hôm nay nộp bài tập sáng mai
ham,"Hi, nộp bài tập hôm nay"
ham,Đừng quên đi ăn trưa sáng mai
ham,Bạn học nhóm cuối tuần không?
ham,Nhớ họp online nhé
ham,Bạn học nhóm chiều nay không?
spam,"Khuyến mãi 70%, Đăng ký ngay"
ham,Đừng quên nộp bài tập hôm nay
ham,Đừng quên đi ăn trưa lúc 8h
ham,Bạn đi ăn trưa lúc 8h không?
ham,"Chào bạn, đi học cuối tuần"
ham,Hôm nay đi học cuối tuần
ham,Bạn học nhóm hôm nay không?
spam,Nhấn vào link ngay để nhận thẻ cào miễn phí
spam,"Bạn đã trúng ưu đãi 50%, Click vào đây ngay"
spam,Mua ngay để nhận ưu đãi 50% miễn phí
ham,"Chào bạn, đi ăn trưa cuối tuần"
ham,"Xin chào, họp online cuối tuần"
spam,Mua ngay ngay để nhận thẻ cào miễn phí
ham,Nhớ họp online nhé
ham,Nhớ học nhóm nhé
ham,Hôm nay học nhóm cuối tuần
ham,Bạn đi ăn trưa hôm nay không?
spam,Đăng ký ngay để nhận thẻ cào miễn phí
ham,Bạn họp online lúc 8h không?
spam,Nhấn vào link để nhận thẻ cào miễn phí miễn phí
ham,"Hi, đi ăn trưa hôm nay"
ham,"Hey, họp online hôm nay"
ham,Đừng quên nộp bài tập chiều nay
ham,Đừng quên đi học sáng mai
ham,Nhớ đi học nhé
ham,Nhớ đi học nhé
ham,Nhớ đi học nhé
spam,"Cơ hội Mua ngay phần mềm bản quyền, đừng bỏ lỡ"
ham,"Xin chào, đi học hôm nay"
spam,"Cơ hội Mua ngay voucher 100k, đừng bỏ lỡ"
spam,"Cơ hội Nhấn vào link voucher 100k, đừng bỏ lỡ"
ham,Nhớ học nhóm nhé
spam,"Bạn đã trúng phần mềm bản quyền, Nhanh tay ngay"
spam,Click vào đây để nhận voucher 100k miễn phí
spam,"Cơ hội Click vào đây thẻ cào miễn phí, đừng bỏ lỡ"
ham,Hôm nay đi học sáng mai
ham,Hôm nay nộp bài tập chiều nay
ham,Hôm nay học nhóm hôm nay
ham,Đừng quên nộp bài tập sáng mai
ham,Đừng quên đi ăn trưa chiều nay
ham,Nhớ học nhóm nhé
ham,Nhớ đi ăn trưa nhé
ham,"Chào bạn, nộp bài tập cuối tuần"
ham,Nhớ họp online nhé
spam,"Cơ hội Mua ngay ưu đãi 50%, đừng bỏ lỡ"
ham,"Chào bạn, họp online sáng mai"
ham,"Hey, đi học chiều nay"
ham,Đừng quên họp online cuối tuần
ham,"Hi, nộp bài tập lúc 8h"
spam,"Khuyến mãi ưu đãi đặc biệt, Đăng ký ngay"
ham,"Hi, đi ăn trưa sáng mai"
ham,Bạn học nhóm chiều nay không?
ham,Hôm nay họp online hôm nay
ham,Bạn nộp bài tập chiều nay không?
ham,"Xin chào, họp online hôm nay"
ham,Hôm nay họp online chiều nay
spam,"Khuyến mãi giảm giá sốc, Nhấn vào link ngay"
ham,Bạn đi ăn trưa chiều nay không?
ham,Nhớ đi học nhé
ham,Nhớ học nhóm nhé
ham,Đừng quên họp online sáng mai
ham,"Hey, nộp bài tập sáng mai"
spam,Mua ngay ngay để nhận voucher 100k
ham,Bạn họp online sáng mai không?
spam,"Cơ hội Nhấn vào link iPhone 15, đừng bỏ lỡ"
ham,Hôm nay đi học cuối tuần
spam,"Khuyến mãi 70%, Mua ngay ngay"
ham,Hôm nay nộp bài tập hôm nay
ham,Đừng quên đi ăn trưa cuối tuần
spam,Đăng ký để nhận voucher 100k miễn phí
ham,Hôm nay học nhóm hôm nay
ham,Bạn nộp bài tập hôm nay không?
ham,Bạn họp online chiều nay không?
ham,Hôm nay đi ăn trưa cuối tuần
spam,Click vào đây ngay để nhận thẻ cào miễn phí
spam,Đăng ký để nhận phần mềm bản quyền miễn phí
ham,"Xin chào, nộp bài tập cuối tuần"
ham,Nhớ đi học nhé
ham,Bạn đi học chiều nay không?
ham,Bạn đi ăn trưa sáng mai không?
ham,"Hey, đi học lúc 8h"
ham,Đừng quên đi ăn trưa sáng mai
spam,"Cơ hội Nhấn vào link ưu đãi 50%, đừng bỏ lỡ"
ham,Nhớ nộp bài tập nhé
ham,Bạn nộp bài tập hôm nay không?
spam,Click vào đây để nhận thẻ cào miễn phí miễn phí
spam,Đăng ký ngay để nhận voucher 100k
spam,Nhanh tay ngay để nhận ưu đãi 50%
spam,"Cơ hội Click vào đây ưu đãi 50%, đừng bỏ lỡ"
ham,Đừng quên đi học chiều nay
ham,Bạn nộp bài tập sáng mai không?
spam,Nhanh tay để nhận thẻ cào miễn phí miễn phí
ham,Đừng quên đi học chiều nay
ham,Bạn nộp bài tập chiều nay không?
ham,Hôm nay đi ăn trưa sáng mai
ham,Hôm nay họp online chiều nay
ham,Hôm nay học nhóm hôm nay
ham,"Xin chào, học nhóm lúc 8h"
ham,Nhớ học nhóm nhé
ham,Nhớ nộp bài tập nhé
ham,Nhớ đi học nhé
spam,"Khuyến mãi 50%, Click vào đây ngay"
ham,"Hey, nộp bài tập chiều nay"
ham,Nhớ nộp bài tập nhé
spam,"Khuyến mãi 50%, Nhấn vào link ngay"
ham,Bạn học nhóm lúc 8h không?
spam,Nhấn vào link để nhận ưu đãi 50% miễn phí
